1497704	1497985	1497985	1498256
1499256	1499570	1499570	1500096
1501097	1501527	1501527	1501832
1502833	1503367	1503367	1503638
1504638	1505108	1505108	1505415
1506416	1506745	1506745	1507052
1508053	1508383	1508383	1508689
1509690	1510021	1510021	1510328
1511328	1511657	1511657	1511965
1512965	1513295	1513295	1513603
1514603	1514934	1514934	1515240
1516241	1516570	1516570	1516883
1517883	1518207	1518207	1518514
1519514	1519846	1519846	1520152
1521152	1521482	1521482	1521789
1522789	1523121	1523121	1523428
1524429	1524760	1524760	1525065
1526065	1526394	1526394	1526705
1527706	1528441	1528441	1528724
1529725	1530078	1530079	1530386
1531386	1531716	1531716	1532023
1533023	1533354	1533354	1533816
1534816	1535092	1535092	1535401
1536401	1536745	1536745	1537037
1538038	1538371	1538371	1538676
1539676	1540008	1540008	1540312
1541312	1541646	1541646	1541949
1542950	1543226	1543226	1543511
1544511	1544815	1544815	1545122
1546122	1546454	1546454	1546760
1547760	1548205	1548205	1548499
1549500	1549829	1549829	1550240
1551240	1551570	1551570	1551876
1552877	1553207	1553207	1553514
1554515	1554845	1554845	1555151
1556151	1556482	1556482	1556789
1557789	1558122	1558122	1558428
1559428	1559757	1559757	1560066
1561067	1561394	1561394	1561701
1562701	1563339	1563339	1563645
1564646	1564977	1564977	1565283
1566284	1566563	1566563	1566834
1567835	1568149	1568149	1568456
1569457	1569992	1569992	1570299
1571299	1571629	1571629	1572242
1573243	1573573	1573573	1573879
1574880	1575210	1575210	1575522
1576522	1576849	1576849	1577119
1578119	1578791	1578791	1579100
1580101	1580431	1580431	1580736
1581736	1582066	1582066	1582374
1583374	1583704	1583704	1584014
1585014	1585346	1585346	1585652
1586652	1586981	1586981	1587288
1588288	1588618	1588618	1588928
1589928	1590256	1590256	1590564
1591564	1591893	1591893	1592176
1593176	1593534	1593534	1593839
1594840	1595173	1595173	1595475
1596476	1596803	1596803	1597114
1598114	1598444	1598444	1598748
1599748	1600084	1600084	1600391
1601391	1601720	1601720	1602022
1603023	1603353	1603353	1603661
1604661	1605004	1605004	1605298
1606298	1606629	1606629	1606937
1607937	1608268	1608268	1608584
1609584	1609904	1609904	1610210
1611210	1611540	1611540	1611849
1612849	1613177	1613177	1613487
1614487	1614815	1614815	1615429
1616429	1616759	1616759	1617067
1618067	1618398	1618398	1618704
1619704	1620035	1620035	1620750
1621750	1622082	1622082	1622387
1623388	1623719	1623719	1624026
1625027	1625359	1625359	1625663
1626663	1626993	1626993	1627300
1628300	1628633	1628633	1628940
1629940	1630256	1630256	1630527
1631527	1631905	1631905	1632213
1633213	1633636	1633636	1633952
1634952	1635284	1635284	1635592
1636593	1636920	1636920	1637227
1638227	1638503	1638503	1638775
1639775	1640095	1640095	1640401
1641401	1641730	1641730	1642040
1643040	1643367	1643367	1643675
1644676	1645008	1645008	1645313
1646313	1646643	1646643	1646949
1647949	1648281	1648281	1648589
1649589	1649992	1649992	1650328
1651329	1651659	1651659	1651976
1652976	1653294	1653294	1653601
1654601	1654931	1654931	1655238
1656239	1656628	1656628	1656979
1657980	1658309	1658309	1658615
1659616	1659949	1659949	1660254
1661254	1661583	1661583	1661890
1662891	1663225	1663225	1663530
1664531	1664863	1664863	1665165
1666166	1666497	1666497	1666807
1667807	1668133	1668133	1668445
1669446	1669935	1669935	1670209
1671210	1671510	1671510	1671817
1672817	1673147	1673147	1673455
1674456	1674786	1674786	1675092
1676093	1676425	1676425	1676730
1677730	1678061	1678061	1678368
1679368	1679701	1679701	1680009
1681009	1681747	1681747	1682057
1683057	1683790	1683790	1684100
1685100	1685429	1685429	1685738
1686738	1687066	1687066	1687372
1688372	1688704	1688704	1689014
1690014	1690343	1690343	1691057
1692057	1692388	1692388	1692695
1693695	1694026	1694026	1694333
1695334	1695665	1695665	1695972
1696972	1697301	1697301	1697608
1698608	1698939	1698939	1699246
1700246	1700578	1700578	1700886
1701886	1702217	1702217	1702520
1703520	1703855	1703855	1704565
1705566	1705896	1705896	1706203
1707203	1707533	1707533	1707844
1708844	1709175	1709175	1709479
1710479	1710809	1710809	1711115
1712115	1712447	1712447	1712753
1713754	1714086	1714086	1714391
1715391	1715722	1715722	1716027
1717027	1717362	1717362	1717667
1718668	1718996	1718996	1719302
1720302	1720633	1720633	1720940
1721940	1722270	1722270	1722579
1723580	1723909	1723909	1724217
1725217	1725749	1725749	1726057
1727057	1727391	1727391	1727698
1728698	1729026	1729026	1729331
1730331	1730664	1730664	1730971
1731971	1732302	1732302	1732607
1733607	1733939	1733939	1734243
1735244	1735574	1735574	1735883
1736883	1737214	1737214	1737523
1738524	1738850	1738850	1739155
1740156	1740487	1740487	1740798
1741798	1742124	1742124	1742431
1743431	1743763	1743763	1744070
1745070	1745399	1745399	1745705
1746705	1747038	1747038	1747343
1748343	1748675	1748675	1748984
1749984	1750311	1750311	1750621
1751622	1751950	1751950	1752257
1753258	1753588	1753588	1753895
1754895	1755227	1755227	1755534
1756534	1756866	1756866	1757167
1758168	1758497	1758497	1758811
1759811	1760142	1760142	1760443
1761443	1761784	1761784	1762079
1763080	1763410	1763410	1763717
1764717	1765049	1765049	1765370
1766370	1766686	1766686	1766991
1767991	1768325	1768325	1768631
1769631	1769964	1769964	1770268
1771268	1771597	1771597	1771904
1772904	1773237	1773237	1773542
1774542	1775077	1775077	1775383
1776383	1776715	1776715	1777020
1778021	1778351	1778351	1778663
1779663	1779988	1779988	1780297
1781297	1781570	1781570	1781934
1782935	1783264	1783264	1783571
1784572	1784903	1784903	1785207
1786207	1786540	1786540	1786845
1787845	1788176	1788176	1788734
1789734	1790223	1790223	1790531
1791531	1791860	1791860	1792170
1793171	1793497	1793497	1793803
1794804	1795134	1795134	1795441
1796441	1796717	1796717	1796990
1797990	1798307	1798307	1798614
1799614	1799945	1799945	1800251
1801251	1801584	1801584	1801888
1802888	1803527	1803527	1803919
1804919	1805266	1805266	1805572
1806573	1806909	1806909	1807209
1808209	1808541	1808541	1808850
1809851	1810180	1810180	1810485
1811485	1811815	1811815	1812122
1813123	1813431	1813431	1813704
1814704	1815088	1815088	1815400
1816400	1816725	1816725	1817032
1818032	1818362	1818362	1818674
1819674	1819999	1819999	1820307
1821307	1821641	1821641	1821944
1822944	1823275	1823275	1823581
1824581	1824913	1824913	1825218
1826218	1826548	1826548	1826859
1827859	1828185	1828185	1828802
1829803	1830129	1830129	1830746
1831746	1832078	1832078	1832381
1833381	1833711	1833711	1834018
1835018	1835350	1835350	1835657
1836657	1836985	1836985	1837294
1838294	1838625	1838625	1838931
1839931	1840261	1840261	1840568
1841568	1841897	1841897	1842203
1843204	1843535	1843535	1843841
1844841	1845171	1845171	1845479
1846479	1846813	1846813	1847115
1848116	1848447	1848447	1848753
1849753	1850090	1850090	1850390
1851390	1851720	1851720	1851991
1852991	1853359	1853359	1853666
1854666	1854952	1854952	1855232
1856232	1856505	1856505	1856836
1857836	1858166	1858166	1858473
1859474	1859804	1859804	1860111
1861111	1861543	1861543	1861851
1862851	1863180	1863180	1863489
1864489	1865024	1865024	1865330
1866330	1866868	1866868	1867182
1868182	1868502	1868502	1868809
1869809	1870144	1870144	1870446
1871446	1872086	1872086	1872492
1873492	1873822	1873822	1874130
1875130	1875461	1875461	1875769
1876770	1877199	1877199	1877506
1878506	1878836	1878836	1879246
1880247	1880577	1880577	1880991
1881991	1882315	1882315	1882622
1883623	1883952	1883952	1884259
1885260	1885591	1885591	1885899
1886899	1887227	1887227	1887534
1888535	1888866	1888866	1889174
1890174	1890809	1890809	1891117
1892117	1892450	1892450	1892752
1893753	1894083	1894083	1894799
1895799	1896129	1896129	1896437
1897437	1897767	1897767	1898073
1899074	1899405	1899405	1899711
1900712	1901043	1901043	1901350
1902350	1902681	1902681	1902988
1903989	1904318	1904318	1904625
1905625	1905955	1905955	1906263
1907263	1907903	1907903	1908206
1909207	1909521	1909521	1910152
1911152	1911483	1911483	1911789
1912789	1913119	1913119	1913425
1914426	1914754	1914754	1915067
1916067	1916396	1916396	1916703
1917704	1918027	1918027	1918342
1919342	1919666	1919666	1919973
1920973	1921305	1921305	1921609
1922609	1922943	1922943	1923246
1924247	1924579	1924579	1925295
1926295	1926623	1926623	1926930
1927930	1928261	1928261	1928567
1929567	1929899	1929899	1930206
1931206	1931550	1931550	1931841
1932842	1933173	1933173	1933483
1934483	1934809	1934809	1935116
1936116	1936536	1936536	1937170
1938170	1938493	1938493	1938800
1939800	1940074	1940074	1940437
1941437	1941767	1941767	1942075
1943076	1943409	1943409	1943712
1944712	1945043	1945043	1945364
1946364	1946672	1946672	1946950
1947951	1948317	1948317	1948623
1949623	1949954	1949954	1950260
1951261	1951592	1951592	1951898
1952898	1953278	1953278	1953637
1954638	1954968	1954968	1955275
1956275	1956605	1956605	1956912
1957912	1958243	1958243	1958551
1959552	1959881	1959881	1960189
1961189	1961518	1961518	1961824
1962825	1963155	1963155	1963464
1964464	1964791	1964791	1965098
1966098	1966429	1966429	1966736
1967737	1968067	1968067	1968373
1969374	1969703	1969703	1970012
1971012	1971297	1971297	1971568
1972568	1972876	1972876	1973184
1974185	1974513	1974513	1974820
1975820	1976458	1976458	1976764
1977765	1978100	1978100	1978754
1979755	1980141	1980141	1980448
1981448	1981778	1981778	1982086
1983087	1983415	1983415	1983722
1984723	1985053	1985053	1985359
1986360	1986639	1986639	1986909
1987910	1988227	1988227	1988534
1989534	1989863	1989863	1990169
1991169	1991499	1991499	1991807
1992807	1993157	1993157	1993443
1994444	1994774	1994774	1995490
1996491	1996820	1996820	1997129
1998129	1998460	1998460	1998765
1999765	2000095	2000095	2000406
2001406	2001735	2001735	2002041
2003041	2003370	2003370	2003677
2004678	2005009	2005009	2005315
2006316	2006646	2006646	2006954
2007954	2008285	2008285	2008593
2009593	2009904	2009904	2010175
2011175	2011560	2011560	2011864
2012865	2013193	2013193	2013502
2014502	2014832	2014832	2015142
2016142	2016468	2016468	2016775
2017775	2018096	2018096	2018367
2019367	2019743	2019743	2020050
2021050	2021383	2021383	2021687
2022687	2023021	2023021	2023324
2024324	2024656	2024656	2024962
2025962	2026292	2026292	2026598
2027599	2027929	2027929	2028236
2029236	2029569	2029569	2029879
2030880	2031204	2031204	2031510
2032511	2032841	2032841	2033148
2034148	2034478	2034478	2034748
2035749	2036115	2036115	2036425
2037425	2037855	2037855	2038163
2039163	2039492	2039492	2039799
2040799	2041130	2041130	2041682
2042682	2042973	2042973	2043279
2044279	2044609	2044609	2044919
2045919	2046553	2046553	2047270
2048271	2048600	2048600	2048907
2049908	2050240	2050240	2050548
2051548	2051875	2051875	2052184
2053184	2053513	2053513	2053821
2054821	2055150	2055150	2055457
2056457	2056786	2056786	2057095
2058095	2058427	2058427	2058734
2059734	2060068	2060068	2060372
2061372	2061702	2061702	2062007
2063007	2063339	2063339	2063749
2064750	2065079	2065079	2065386
2066386	2066715	2066715	2067023
2068023	2068362	2068362	2068659
2069660	2070000	2070000	2070297
2071297	2071627	2071627	2071932
2072933	2073211	2073211	2073481
2074482	2074803	2074803	2075103
2076104	2076435	2076435	2076843
2077844	2078174	2078174	2078481
2079481	2079792	2079792	2080117
2081118	2081394	2081394	2081665
2082665	2082983	2082983	2083699
2084699	2085030	2085030	2085337
2086338	2086667	2086667	2086974
2087974	2088304	2088304	2088611
2089611	2089942	2089942	2090248
2091249	2091579	2091579	2091886
2092886	2093217	2093217	2093523
2094523	2094854	2094854	2095160
2096161	2096493	2096493	2096798
2097799	2098140	2098140	2098435
2099435	2099766	2099766	2100077
2101077	2101404	2101404	2101711
2102711	2103040	2103040	2103347
2104347	2105143	2105143	2105435
2106436	2106726	2106726	2107034
2108034	2108375	2108375	2108670
2109670	2109999	2109999	2110311
2111311	2111637	2111637	2111943
2112943	2113273	2113273	2113581
2114582	2114916	2114916	2115219
2116219	2116548	2116548	2116858
2117859	2118186	2118186	2118495
2119495	2120046	2120046	2120336
2121336	2121664	2121664	2121971
2122972	2123302	2123302	2123609
2124609	2124942	2124942	2125248
2126249	2126576	2126576	2127195
2128195	2128521	2128521	2128828
2129828	2130159	2130159	2130466
2131466	2131798	2131798	2132106
2133107	2133433	2133433	2133739
2134740	2135073	2135073	2135380
2136380	2136656	2136656	2136927
2137927	2138242	2138242	2138550
2139550	2139882	2139882	2140187
2141187	2141518	2141518	2141824
2142824	2143154	2143154	2143461
2144461	2144792	2144792	2145072
2146072	2146736	2146736	2147043
2148043	2148374	2148374	2148681
2149681	2150113	2150113	2150420
2151420	2151752	2151752	2152058
2153058	2153389	2153389	2153694
2154695	2155025	2155025	2155332
2156332	2156662	2156662	2156933
2157933	2158300	2158300	2158607
2159608	2160144	2160144	2160450
2161450	2161782	2161782	2162064
2163064	2163420	2163420	2163728
2164728	2165056	2165056	2165567
2166567	2166897	2166897	2167204
2168205	2168535	2168535	2168842
2169842	2170170	2170170	2170478
2171478	2171808	2171808	2172115
2173115	2173446	2173446	2173754
2174754	2175084	2175084	2175389
2176389	2176721	2176721	2177028
2178029	2178363	2178363	2178663
2179663	2179995	2179995	2180301
2181301	2181634	2181634	2181939
2182939	2183269	2183269	2183576
2184576	2184906	2184906	2185213
2186213	2186545	2186545	2186850
2187850	2188181	2188181	2188794
2189795	2190125	2190125	2190432
2191432	2191763	2191763	2192070
2193070	2193401	2193401	2193706
2194707	2195037	2195037	2195345
2196345	2196674	2196674	2196981
2197982	2198314	2198314	2198618
2199618	2199949	2199949	2200256
2201256	2201588	2201588	2201894
2202895	2203224	2203224	2203530
2204531	2204861	2204861	2205168
2206168	2206498	2206498	2206806
2207806	2208141	2208141	2208442
2209443	2209773	2209773	2210081
2211081	2211410	2211410	2211718
2212718	2213048	2213048	2213355
2214355	2214686	2214686	2214992
2215992	2216343	2216343	2216631
2217631	2217962	2217962	2218273
2219273	2219597	2219597	2219916
2220916	2221237	2221237	2221543
2222543	2222877	2222877	2223181
2224181	2224510	2224510	2224821
2225821	2226153	2226153	2226458
2227458	2227789	2227789	2228093
2229094	2229422	2229422	2229729
2230729	2231066	2231066	2231342
2232342	2232697	2232697	2233003
2234003	2234333	2234333	2234644
2235644	2235970	2235970	2236278
2237278	2237609	2237609	2237914
2238915	2239247	2239247	2239544
2240544	2240883	2240883	2241193
2242193	2242522	2242522	2242827
2243828	2244159	2244159	2244464
2245464	2245886	2245886	2246204
2247204	2247536	2247536	2248252
2249252	2249581	2249581	2249890
2250890	2251220	2251220	2251731
2252731	2253062	2253062	2253372
2254372	2254697	2254697	2255213
2256214	2256782	2256782	2257302
2258303	2258593	2258593	2258864
2259864	2260224	2260224	2260533
2261533	2261861	2261861	2262174
2263174	2263447	2263447	2263807
2264807	2265137	2265137	2265443
2266443	2266774	2266774	2267080
2268080	2268411	2268411	2268717
2269717	2270050	2270050	2270356
2271356	2271630	2271630	2272299
2273299	2273629	2273629	2273936
2274937	2275266	2275266	2275573
2276573	2276910	2276910	2277215
2278215	2278543	2278543	2279157
2280157	2280486	2280486	2280792
2281792	2282123	2282123	2282431
2283431	2283764	2283764	2284067
2285067	2285397	2285397	2285707
2286707	2287040	2287040	2287347
2288347	2288674	2288674	2288979
2289979	2290310	2290310	2290620
2291620	2291947	2291947	2292254
2293254	2293789	2293789	2294096
2295096	2295430	2295430	2295736
2296736	2297065	2297065	2297371
2298371	2298926	2298926	2299213
2300213	2300543	2300543	2300851
2301851	2302180	2302180	2302490
2303490	2303818	2303818	2304126
2305127	2305457	2305457	2305762
2306762	2307093	2307093	2307709
2308709	2309037	2309037	2309344
2310344	2310678	2310678	2310984
2311984	2312621	2312621	2312930
2313930	2314259	2314259	2314770
2315770	2316100	2316100	2316405
2317406	2317737	2317737	2318045
2319045	2319373	2319373	2319683
2320683	2321013	2321013	2321318
2322319	2322650	2322650	2322956
2323956	2324286	2324286	2324594
2325595	2325925	2325925	2326229
2327229	2327570	2327570	2327866
2328866	2329197	2329197	2329503
2330503	2330835	2330835	2331140
2332141	2332472	2332472	2332778
2333778	2334109	2334109	2334416
2335416	2335747	2335747	2336053
2337053	2337385	2337385	2337708
2338708	2339021	2339021	2339327
2340327	2340659	2340659	2340965
2341965	2342295	2342295	2342602
2343603	2343933	2343933	2344240
2345240	2345570	2345570	2345979
2346979	2347310	2347310	2347619
2348619	2348947	2348947	2349254
2350254	2350744	2350744	2351028
2352029	2352324	2352324	2352632
2353632	2354372	2354372	2354680
2355680	2356014	2356014	2356726
2357726	2358055	2358055	2358328
2359329	2359692	2359692	2360001
2361001	2361330	2361330	2361637
2362638	2362967	2362967	2363275
2364275	2364604	2364604	2364911
2365911	2366243	2366243	2366514
2367515	2367986	2367986	2368288
2369288	2369618	2369618	2369925
2370926	2371256	2371256	2371564
2372564	2372896	2372896	2373201
2374201	2374532	2374532	2374839
2375839	2376168	2376168	2376476
2377476	2377806	2377806	2378116
2379117	2379549	2379549	2379855
2380855	2381196	2381196	2381492
2382492	2382764	2382764	2383129
2384129	2384461	2384461	2384766
2385767	2386097	2386097	2386508
2387508	2387834	2387834	2388147
2389147	2389676	2389676	2390004
2391004	2391313	2391313	2391622
2392622	2393362	2393362	2393871
2394872	2395204	2395204	2395510
2396510	2397048	2397048	2397353
2398353	2398784	2398784	2399091
2400092	2400424	2400424	2400730
2401730	2402058	2402058	2402368
2403368	2403696	2403696	2404004
2405004	2405336	2405336	2405743
2406743	2407073	2407073	2407380
2408380	2408711	2408711	2409123
2410123	2410552	2410552	2410864
2411864	2412192	2412192	2412497
2413497	2413930	2413930	2414237
2415238	2415570	2415570	2416285
2417286	2417614	2417614	2417925
2418925	2419353	2419353	2419685
2420685	2420992	2420992	2421300
2422300	2422834	2422834	2423244
2424244	2424674	2424674	2425086
2426087	2426414	2426414	2426722
2427723	2428052	2428052	2428362
2429362	2429690	2429690	2429999
2430999	2431432	2431432	2431839
2432839	2433169	2433169	2433478
2434478	2434810	2434810	2435113
2436113	2436444	2436444	2436753
2437753	2438083	2438083	2438392
2439392	2439718	2439718	2440026
2441026	2441367	2441367	2441666
2442666	2442995	2442995	2443299
2444300	2444630	2444630	2444937
2445937	2446212	2446212	2446579
2447579	2447908	2447908	2448214
2449214	2449489	2449489	2449850
2450850	2451179	2451179	2451489
2452489	2452819	2452819	2453156
2454156	2454459	2454459	2454765
2455765	2456093	2456093	2456705
2457705	2458038	2458038	2458344
2459344	2459675	2459675	2459985
2460985	2461720	2461720	2462032
2463032	2463357	2463357	2463665
2464665	2464997	2464997	2465304
2466304	2466633	2466633	2466955
2467955	2468326	2468326	2468679
2469680	2470011	2470011	2470318
2471318	2471647	2471647	2471956
2472956	2473389	2473389	2473694
2474695	2475027	2475027	2475332
2476332	2476666	2476666	2476971
2477971	2478303	2478303	2478800
2479800	2480246	2480246	2480553
2481553	2481880	2481880	2482188
2483188	2483522	2483522	2484035
2485035	2485311	2485311	2485670
2486670	2486997	2486997	2487412
2488412	2488742	2488742	2489051
2490052	2490373	2490373	2490783
